model,accuracy,precision,recall,f1_score,auc
Decision Tree,0.9039107646821664,0.9078386031834282,0.9039107646821664,0.9051452488163684,0.8964474902330175
Decision Tree (tuned),0.9039107646821664,0.9078386031834282,0.9039107646821664,0.9051452488163684,0.8964474902330175
Random Forest,0.42040720333288534,0.664037968235849,0.42040720333288534,0.40148860490419147,0.7512946689339259
Random Forest (tuned),0.4180889665367558,0.6571189285494079,0.4180889665367558,0.39996488744538156,0.7556535685694309
